numero,jogador,selecao
1,Ronwen Williams,África do Sul
2,Ricardo Goss,África do Sul
3,Sipho Chaine,África do Sul
4,Khuliso Mudau,África do Sul
5,Nkosinathi Sibisi,África do Sul
6,Ime Okon,África do Sul
7,Khulumani Ndamane,África do Sul
8,Aubrey Modiba,África do Sul
9,Samukelo Kabini,África do Sul
10,Thabang Matuludi,África do Sul
11,Olwethu Makhanya,África do Sul
12,Kamogelo Sebelebele,África do Sul
13,Bradley Cross,África do Sul
14,Mbekezeli Mbokazi,África do Sul
15,Teboho Mokoena,África do Sul
16,Thalente Mbatha,África do Sul
17,Sphephelo Sithole,África do Sul
18,Jayden Adams,África do Sul
19,Oswin Appollis,África do Sul
20,Iqraam Rayners,África do Sul
21,Tshepang Moremi,África do Sul
22,Relebohile Mofokeng,África do Sul
23,Evidence Makgopa,África do Sul
24,Themba Zwane,África do Sul
25,Lyle Foster,África do Sul
26,Thapelo Maseko,África do Sul
1,Oliver Baumann,Alemanha
2,Manuel Neuer,Alemanha
3,Alexander Nubel,Alemanha
4,Waldemar Anton,Alemanha
5,Nathaniel Brown,Alemanha
6,Pascal Gross,Alemanha
7,Joshua Kimmich,Alemanha
8,Felix Nmecha,Alemanha
9,Aleksandar Pavlovic,Alemanha
10,David Raum,Alemanha
11,Antonio Rudiger,Alemanha
12,Nico Schlotterbeck,Alemanha
13,Angelo Stiller,Alemanha
14,Jonathan Tah,Alemanha
15,Malick Thiaw,Alemanha
16,Assan Ouédraogo,Alemanha
17,Nadiem Amiri,Alemanha
18,Maximilian Beier,Alemanha
19,Leon Goretzka,Alemanha
20,Kai Havertz,Alemanha
21,Jamie Leweling,Alemanha
22,Jamal Musiala,Alemanha
23,Leroy Sané,Alemanha
24,Deniz Undav,Alemanha
25,Florian Wirtz,Alemanha
26,Nick Woltemade,Alemanha
1,Ahmed Al Kassar,Arábia Saudita
2,Mohammed Al Owais,Arábia Saudita
3,Nawaf Al Aqidi,Arábia Saudita
4,Saud Abdulhamid,Arábia Saudita
5,Mohammed Abu Al Shamat,Arábia Saudita
6,Khalid Al Ghannam,Arábia Saudita
7,Moteb Al Harbi,Arábia Saudita
8,Abdulelah Al Amri,Arábia Saudita
9,Nawaf Boushal,Arábia Saudita
10,Hassan Kadesh,Arábia Saudita
11,Ali Lajami,Arábia Saudita
12,Ali Majrashi,Arábia Saudita
13,Hassan Tambakti,Arábia Saudita
14,Jehad Thikri,Arábia Saudita
15,Nasser Al Dawsari,Arábia Saudita
16,Alaa Al Hajji,Arábia Saudita
17,Ziyad Al Johani,Arábia Saudita
18,Musab Al Juwayr,Arábia Saudita
19,Abdullah Al Khaibari,Arábia Saudita
20,Mohammed Kanno,Arábia Saudita
21,Sultan Mandash,Arábia Saudita
22,Ayman Yahya,Arábia Saudita
23,Feras Al Brikan,Arábia Saudita
24,Salem Al Dawsari,Arábia Saudita
25,Abdullah Al Hamdan,Arábia Saudita
26,Saleh Al Shehri,Arábia Saudita
1,Luca Zidane,Argélia
2,Oussama Benbot,Argélia
3,Melvin Mastil,Argélia
4,Abdelatif Ramdane,Argélia
5,Rafik Belghali,Argélia
6,Samir Chergui,Argélia
7,Rayan Ait-Nouri,Argélia
8,Jaouen Hadjam,Argélia
9,Aissa Mandi,Argélia
10,Ramy Bensebaini,Argélia
11,Zineddine Belaid,Argélia
12,Achref Abada,Argélia
13,Mohamed Amine Tougai,Argélia
14,Nabil Bentaleb,Argélia
15,Hicham Boudaqui,Argélia
16,Houssem Aouar,Argélia
17,Farès Chaibi,Argélia
18,Ibrahim Maza,Argélia
19,Yacine Titraoui,Argélia
20,Ramiz Zerrouki,Argélia
21,Mohamed Amine Amoura,Argélia
22,Nadhir Benbouali,Argélia
23,Adil Boulbina,Argélia
24,Farès Ghedjemis,Argélia
25,Amine Gouri,Argélia
26,Anis Hadj Moussa,Argélia
27,Riyad Mahrez,Argélia
1,Emiliano Martínez,Argentina
2,Gerónimo Rulli,Argentina
3,Juan Musso,Argentina
4,Nahuel Molina,Argentina
5,Gonzalo Montiel,Argentina
6,Cuti Romero,Argentina
7,Otamendi,Argentina
8,Lisandro Martínez,Argentina
9,Marcos Senesi,Argentina
10,Nicolás Tagliafico,Argentina
11,Facundo Medina,Argentina
12,De Paul,Argentina
13,Enzo Fernández,Argentina
14,Paredes,Argentina
15,Mac Allister,Argentina
16,Valentín Barco,Argentina
17,Lo Celso,Argentina
18,Exequiel Palacios,Argentina
19,Thiago Almada,Argentina
20,Nico Paz,Argentina
21,Lionel Messi,Argentina
22,Nico González,Argentina
23,Giuliano Simeone,Argentina
24,Flaco Lopez,Argentina
25,Julián Álvarez,Argentina
26,Lautaro Martínez,Argentina
1,Patrick Beach,Austrália
2,Paul Izzo,Austrália
3,Maty Ryan,Austrália
4,Aziz Behich,Austrália
5,Jordan Bos,Austrália
6,Cameron Burgess,Austrália
7,Alessandro Circati,Austrália
8,Milos Degenek,Austrália
9,Jason Geria,Austrália
10,Lucas Herrington,Austrália
11,Jacob Italiano,Austrália
12,Harry Souttar,Austrália
13,Kai Trewin,Austrália
14,Cameron Devlin,Austrália
15,Ajdin Hrustic,Austrália
16,Jackson Irvine,Austrália
17,Connor Metcalfe,Austrália
18,Paul Okon-Engstler,Austrália
19,Aiden O'Neill,Austrália
20,Nestory Irankunda,Austrália
21,Mathew Leckie,Austrália
22,Awer Mabil,Austrália
23,Mohamed Toure,Austrália
24,Nishan Velupillay,Austrália
25,Cristian Volpato,Austrália
26,Tete Yengi,Austrália
1,Alexander Schlager,Áustria
2,Florian Wiegele,Áustria
3,Patrick Pentz,Áustria
4,David Affengruber,Áustria
5,Kevin Danso,Áustria
6,Stefan Posch,Áustria
7,David Alaba,Áustria
8,Philipp Lienhart,Áustria
9,Phillipp Mwene,Áustria
10,Alexander Prass,Áustria
11,Marco Friedl,Áustria
12,Michael Svoboda,Áustria
13,Xaver Schlager,Áustria
14,Nicolas Seiwald,Áustria
15,Marcel Sabitzer,Áustria
16,Florian Grillitsch,Áustria
17,Carney Chukwuemeka,Áustria
18,Romano Schmid,Áustria
19,Ljubicic,Áustria
20,Konrad Laimer,Áustria
21,Patrick Wimmer,Áustria
22,Paul Wanner,Áustria
23,Alessandro Schopf,Áustria
24,Marko Arnautović,Áustria
25,Michael Gregoritsch,Áustria
26,Sasa Kalajdzic,Áustria
1,Courtois,Bélgica
2,Lammens,Bélgica
3,Mike Penders,Bélgica
4,Timothy Castagne,Bélgica
5,Zeno Debast,Bélgica
6,Koni De Winter,Bélgica
7,Brandon Mechele,Bélgica
8,Arthur Theate,Bélgica
9,Maxim De Cuyper,Bélgica
10,Thomas Meunier,Bélgica
11,Nathan Ngoy,Bélgica
12,Joaquin Seys,Bélgica
13,Kevin De Bruyne,Bélgica
14,Amadou Onana,Bélgica
15,Nicolas Raskin,Bélgica
16,Youri Tielemans,Bélgica
17,Hans Vanaken,Bélgica
18,Axel Witsel,Bélgica
19,Charles De Ketelaere,Bélgica
20,Mathias Fernandez-Pardo,Bélgica
21,Jeremy Doku,Bélgica
22,Romelu Lukaku,Bélgica
23,Alexis Saelemaekers,Bélgica
24,Leandro Trossard,Bélgica
25,Dodi Lukebakio,Bélgica
26,Diego Moreira,Bélgica
1,Nikola Vasilj,Bósnia
2,Martin Zlomislic,Bósnia
3,Mladen Jurkas,Bósnia
4,Sead Kolasinac,Bósnia
5,Amar Dedic,Bósnia
6,Nihad Mujakic,Bósnia
7,Nikola Katic,Bósnia
8,Tarik Muharemovic,Bósnia
9,Stjepan Radeljic,Bósnia
10,Dennis Hadzikadunic,Bósnia
11,Arjan Malić,Bósnia
12,Amir Hadziahmetovic,Bósnia
13,Ivan Sunjic,Bósnia
14,Ivan Basic,Bósnia
15,Dzenis Burnic,Bósnia
16,Benjamin Tahirovic,Bósnia
17,Amar Memic,Bósnia
18,Armin Gigovic,Bósnia
19,Kerim Alajbegovic,Bósnia
20,Esmir Bajraktarevic,Bósnia
21,Ermin Mahmic,Bósnia
22,Ermedin Demirovic,Bósnia
23,Jovo Lukic,Bósnia
24,Samed Bazdar,Bósnia
25,Haris Tabakovic,Bósnia
26,Edin Dzeko,Bósnia
1,Alisson,Brasil
2,Ederson,Brasil
3,Weverton,Brasil
4,Alex Sandro,Brasil
5,Bremer,Brasil
6,Danilo,Brasil
7,Douglas Santos,Brasil
8,Gabriel Magalhães,Brasil
9,Ibañez,Brasil
10,Léo Pereira,Brasil
11,Marquinhos,Brasil
12,Bruno Guimarães,Brasil
13,Casemiro,Brasil
14,Danilo Santos,Brasil
15,Éderson,Brasil
16,Fabinho,Brasil
17,Lucas Paquetá,Brasil
18,Endrick,Brasil
19,Gabriel Martinelli,Brasil
20,Igor Thiago,Brasil
21,Luiz Henrique,Brasil
22,Matheus Cunha,Brasil
23,Neymar,Brasil
24,Raphinha,Brasil
25,Rayan,Brasil
26,Vini Jr,Brasil
1,Josimar Dias,Cabo Verde
2,Márcio da Rosa,Cabo Verde
3,Carlos Santos,Cabo Verde
4,Steven Moreira,Cabo Verde
5,Wagner Pina,Cabo Verde
6,Sidny Cabral,Cabo Verde
7,Logan Costa,Cabo Verde
8,Roberto Lopes,Cabo Verde
9,Kelvin Pires,Cabo Verde
10,Ianique Tavares,Cabo Verde
11,Edilson Borges,Cabo Verde
12,Jamiro Monteiro,Cabo Verde
13,Deroy Duarte,Cabo Verde
14,Kevin Pina,Cabo Verde
15,Laros Duarte,Cabo Verde
16,Telmo Arcanjo,Cabo Verde
17,Yannick Semedo,Cabo Verde
18,João Paulo Fernandes,Cabo Verde
19,Garry Rodrigues,Cabo Verde
20,Jovane Cabral,Cabo Verde
21,Ryan Mendes,Cabo Verde
22,Nuno da Costa,Cabo Verde
23,Dailon Livramento,Cabo Verde
24,Gilson Benchimol,Cabo Verde
25,Willy Semedo,Cabo Verde
26,Hélio Varela,Cabo Verde
1,Dayne St. Clair,Canadá
2,Maxim Crépeau,Canadá
3,Owen Goodman,Canadá
4,Alistair Johnston,Canadá
5,Derek Cornelius,Canadá
6,Richie Laryea,Canadá
7,Kiko Sigur,Canadá
8,Joel Waterman,Canadá
9,Luc de Fougerolles,Canadá
10,Moise Bombito,Canadá
11,Alfie Jones,Canadá
12,Alphonso Davies,Canadá
13,Stephen Eustáquio,Canadá
14,Ismael Koné,Canadá
15,Tajon Buchanan,Canadá
16,Mathieu Choinière,Canadá
17,Ali Ahmed,Canadá
18,Nathan Saliba,Canadá
19,Liam Millar,Canadá
20,Jayden Nelson,Canadá
21,Jacob Shaffelburg,Canadá
22,Jonathan Osorio,Canadá
23,Jonathan David,Canadá
24,Cyle Larin,Canadá
25,Tani Oluwaseyi,Canadá
26,Promise David,Canadá
1,Mahmoud Abunada,Catar
2,Meshaal Barsham,Catar
3,Salah Zakaria,Catar
4,Ayoub Al-Alawi,Catar
5,Boualem Khoukhi,Catar
6,Homam Al-Amin,Catar
7,Lucas Mendes,Catar
8,Issa Laye,Catar
9,Pedro Miguel,Catar
10,Al-Hashmi Al-Hussain,Catar
11,Sultan Al-Brake,Catar
12,Assim Madibo,Catar
13,Abdulaziz Hatem,Catar
14,Ahmed Fathy,Catar
15,Karim Boudiaf,Catar
16,Jassem Gaber,Catar
17,Mohamed Mannaj,Catar
18,Ahmed Al-Ganehi,Catar
19,Ahmed Alaa,Catar
20,Akram Afif,Catar
21,AlMoez Ali,Catar
22,Edmilson Junior,Catar
23,Hasan Al-Haydos,Catar
24,Mohammed Muntari,Catar
25,Tahsin Mohammed,Catar
26,Youssef Abdulrazzaq,Catar
1,Camilo Vargas,Colômbia
2,Alvaro Montero,Colômbia
3,David Ospina,Colômbia
4,Davinson Sánchez,Colômbia
5,Jhon Lucumí,Colômbia
6,Yerry Mina,Colômbia
7,Daniel Muñoz,Colômbia
8,Willer Ditta,Colômbia
9,Santiago Arias,Colômbia
10,Johan Mojica,Colômbia
11,Deiver Machado,Colômbia
12,Richard Ríos,Colômbia
13,Jefferson Lerma,Colômbia
14,Kevin Castaño,Colômbia
15,Gustavo Puerta,Colômbia
16,Jhon Arias,Colômbia
17,Jorge Carrascal,Colômbia
18,Juan Portilla,Colômbia
19,Juan Quintero,Colômbia
20,James Rodríguez,Colômbia
21,Jaminton Campaz,Colômbia
22,Cucho Hernández,Colômbia
23,Luis Díaz,Colômbia
24,Luis Suárez,Colômbia
25,Andrés Gómez,Colômbia
26,Jhon Córdoba,Colômbia
1,Kim Seunggyu,Coreia do Sul
2,Song Bumkeun,Coreia do Sul
3,Jo Hyeonwoo,Coreia do Sul
4,Kim Moonhwan,Coreia do Sul
5,Kim Min-jae,Coreia do Sul
6,Kim Taehyeon,Coreia do Sul
7,Park Jinseob,Coreia do Sul
8,Seol Youngwoo,Coreia do Sul
9,Jens Castrop,Coreia do Sul
10,Lee Kihyuk,Coreia do Sul
11,Lee Taeseok,Coreia do Sul
12,Lee Hanbeom,Coreia do Sul
13,Jo Wi-Je,Coreia do Sul
14,Kim Jingyu,Coreia do Sul
15,Bae Junho,Coreia do Sul
16,Paik Seungho,Coreia do Sul
17,Yang Hyunjun,Coreia do Sul
18,Eom Jisung,Coreia do Sul
19,Lee Kang-in,Coreia do Sul
20,Lee Donggyeong,Coreia do Sul
21,Lee Jaesung,Coreia do Sul
22,Hwang Inbeom,Coreia do Sul
23,Hwang Heechan,Coreia do Sul
24,Son Heung-min,Coreia do Sul
25,Oh Hyeongyu,Coreia do Sul
26,Cho Gue-sung,Coreia do Sul
1,Yahia Fofana,Costa do Marfim
2,Mohamed Koné,Costa do Marfim
3,Alban Lafont,Costa do Marfim
4,Emmanuel Agbadou,Costa do Marfim
5,Christopher Operi,Costa do Marfim
6,Ousmane Diomande,Costa do Marfim
7,Guela Doue,Costa do Marfim
8,Ghislan Konan,Costa do Marfim
9,Odilon Kossounou,Costa do Marfim
10,Evan Ndicka,Costa do Marfim
11,Wilfried Singo,Costa do Marfim
12,Seko Fofana,Costa do Marfim
13,Parfait Guiagon,Costa do Marfim
14,Christ Inao Oulai,Costa do Marfim
15,Franck Kessie,Costa do Marfim
16,Ibrahim Sangare,Costa do Marfim
17,Jean-Mickael Seri,Costa do Marfim
18,Simon Adingra,Costa do Marfim
19,Ange-Yoan Bonny,Costa do Marfim
20,Amad Diallo,Costa do Marfim
21,Oumar Diakite,Costa do Marfim
22,Yan Diomande,Costa do Marfim
23,Evann Guessand,Costa do Marfim
24,Nicolas Pepe,Costa do Marfim
25,Bazoumana Toure,Costa do Marfim
26,Elye Wahi,Costa do Marfim
1,Dominik Livakovic,Croácia
2,Dominik Kotarski,Croácia
3,Ivor Pandur,Croácia
4,Josko Gvardiol,Croácia
5,Duje Caleta-Car,Croácia
6,Josip Sutalo,Croácia
7,Josip Stanisic,Croácia
8,Marin Pongracic,Croácia
9,Martin Erlic,Croácia
10,Luka Vuskovic,Croácia
11,Luka Modric,Croácia
12,Mateo Kovacic,Croácia
13,Mario Pasalic,Croácia
14,Nikola Vlasic,Croácia
15,Luka Sucic,Croácia
16,Martin Baturina,Croácia
17,Kristijan Jakic,Croácia
18,Petar Sucic,Croácia
19,Nikola Moro,Croácia
20,Toni Fruk,Croácia
21,Ivan Perisic,Croácia
22,Andrej Kramaric,Croácia
23,Ante Budimir,Croácia
24,Marco Pasalic,Croácia
25,Petar Musa,Croácia
26,Igor Matanovic,Croácia
1,Tyrick Bodak,Curaçao
2,Trevor Doornbusch,Curaçao
3,Eloy Room,Curaçao
4,Riechedly Bazoer,Curaçao
5,Joshua Brenet,Curaçao
6,Roshon Van Eijma,Curaçao
7,Sherel Floranus,Curaçao
8,Deveron Fonville,Curaçao
9,Jurien Gaari,Curaçao
10,Armando Obispo,Curaçao
11,Shurandy Sambo,Curaçao
12,Juninho Bacuna,Curaçao
13,Leandro Bacuna,Curaçao
14,Livano Comenencia,Curaçao
15,Kevin Felida,Curaçao
16,AR'Jany Martha,Curaçao
17,Tyrese Noslin,Curaçao
18,Godfried Roemeratoe,Curaçao
19,Jeremy Antonisse,Curaçao
20,Tahith Chong,Curaçao
21,Kenji Gorré,Curaçao
22,Sontje Hansen,Curaçao
23,Gervane Kastaneer,Curaçao
24,Brandley Kuwas,Curaçao
25,Jurgen Locadia,Curaçao
26,Jearl Margaritha,Curaçao
1,Mohamed El Shenawy,Egito
2,Mostafa Shobeir,Egito
3,El Mahdy Soliman,Egito
4,Mohamed Alaa,Egito
5,Mohamed Hany,Egito
6,Tarek Alaa,Egito
7,Hamdi Fathi,Egito
8,Ramy Rabia,Egito
9,Yasser Ibrahim,Egito
10,Hossam Abdelmaguid,Egito
11,Mohamed Abdelmonem,Egito
12,Ahmed Fatouh,Egito
13,Karim Hafez,Egito
14,Marwan Attia,Egito
15,Mohannad Lasheen,Egito
16,Nabil Emad Dunga,Egito
17,Mahmoud Saber,Egito
18,Ahmed Sayed Zizo,Egito
19,Mahmoud Trezeguet,Egito
20,Emam Ashour,Egito
21,Mostafa Ziko,Egito
22,Ibrahim Adel,Egito
23,Haitham Hassan,Egito
24,Mohamed Salah,Egito
25,Omar Marmoush,Egito
26,Hamza Abdel Karim,Egito
1,Hernán Galíndez,Equador
2,Moisés Ramírez,Equador
3,Gonzalo Valle,Equador
4,Willian Pacho,Equador
5,Piero Hincapié,Equador
6,Joel Ordóñez,Equador
7,Jackson Porozo,Equador
8,Félix Torres,Equador
9,Pervis Estupiñán,Equador
10,Yaimar Medina,Equador
11,Ángelo Preciado,Equador
12,Moisés Caicedo,Equador
13,Jordy Alcívar,Equador
14,Pedro Vite,Equador
15,Denil Castillo,Equador
16,Alan Franco,Equador
17,Kendry Páez,Equador
18,Nilson Angulo,Equador
19,Gonzalo Plata,Equador
20,John Yeboah,Equador
21,Enner Valencia,Equador
22,Jordy Caicedo,Equador
23,Jeremy Arévalo,Equador
24,Alan Minda,Equador
25,Anthony Valencia,Equador
26,Kevin Rodríguez,Equador
1,Unai Simón,Espanha
2,David Raya,Espanha
3,Joan García,Espanha
4,Cucurella,Espanha
5,Grimaldo,Espanha
6,Cubarsí,Espanha
7,Laporte,Espanha
8,Pubill,Espanha
9,Eric García,Espanha
10,Marcos Llorente,Espanha
11,Pedro Porro,Espanha
12,Pedri,Espanha
13,Fabián Ruíz,Espanha
14,Zubimendi,Espanha
15,Gavi,Espanha
16,Rodri,Espanha
17,Alex Baena,Espanha
18,Merino,Espanha
19,Oyarzabal,Espanha
20,Dani Olmo,Espanha
21,Nico Williams,Espanha
22,Yeremy Pino,Espanha
23,Ferran Torres,Espanha
24,Borja Iglesias,Espanha
25,Víctor Muñoz,Espanha
26,Lamine Yamal,Espanha
1,Craig Gordon,Escócia
2,Angus Gunn,Escócia
3,Liam Kelly,Escócia
4,Grant Hanley,Escócia
5,Jack Hendry,Escócia
6,Aaron Hickey,Escócia
7,Dom Hyam,Escócia
8,Soctt McKenna,Escócia
9,Nathan Patterson,Escócia
10,Anthony Ralston,Escócia
11,Andy Robertson,Escócia
12,John Souttar,Escócia
13,Kieran Tierney,Escócia
14,Ryan Christie,Escócia
15,Findlay Curtis,Escócia
16,Lewis Fergunson,Escócia
17,Ben Gannon-Doak,Escócia
18,Tyler Fletcher,Escócia
19,John McGinn,Escócia
20,Kenny McLean,Escócia
21,Scott McTominay,Escócia
22,Che Adams,Escócia
23,Lyndon Dykes,Escócia
24,George Hirst,Escócia
25,Lawrence Shankland,Escócia
26,Ross Steward,Escócia
1,Chris Brady,Estados Unidos
2,Matt Freese,Estados Unidos
3,Matt Turner,Estados Unidos
4,Alex Freeman,Estados Unidos
5,Antonee Robinson,Estados Unidos
6,Auston Trusty,Estados Unidos
7,Chris Richards,Estados Unidos
8,Mark McKenzie,Estados Unidos
9,Max Arfsten,Estados Unidos
10,Sergiño Dest,Estados Unidos
11,Tim Ream,Estados Unidos
12,Miles Robinson,Estados Unidos
13,Joe Scally,Estados Unidos
14,Sergiño Dest,Estados Unidos
15,Brenden Aaronson,Estados Unidos
16,Cristian Roldan,Estados Unidos
17,Gio Reyna,Estados Unidos
18,Malik Tillman,Estados Unidos
19,Tyler Adams,Estados Unidos
20,Weston McKennie,Estados Unidos
21,Alex Zendejas,Estados Unidos
22,Christian Pulisic,Estados Unidos
23,Folarin Balogun,Estados Unidos
24,Haji Wright,Estados Unidos
25,Ricardo Pepi,Estados Unidos
26,Tim Weah,Estados Unidos
1,Mike Maignan,França
2,Robin Risser,França
3,Brice Samba,França
4,Lucas Digne,França
5,Malo Gusto,França
6,Lucas Hernández,França
7,Theo Hernandez,França
8,Ibrahima Konaté,França
9,Jules Koundé,França
10,Maxence Lacroix,França
11,William Saliba,França
12,Dayot Upamecano,França
13,N'Golo Kanté,França
14,Manu Koné,França
15,Adrien Rabiot,França
16,Aurélien Tchouaméni,França
17,Warren Zaïre-Emery,França
18,Maghnes Akliouche,França
19,Bradley Barcola,França
20,Rayan Cherki,França
21,Ousmane Dembélé,França
22,Désiré Doué,França
23,Jean-Philippe Mateta,França
24,Kylian Mbappé,França
25,Michael Olise,França
26,Marcus Thuram,França
1,Benjamin Asare,Gana
2,Lawrence Ati-Zigi,Gana
3,Joseph Anang,Gana
4,Baba Abdul Rahman,Gana
5,Gideoh Mensah,Gana
6,Marvin Senaya,Gana
7,Alidu Seidu,Gana
8,Abdul Mumin,Gana
9,Jerome Opoku,Gana
10,Jonas Adjetey,Gana
11,Kojo Oppong Peprah,Gana
12,Derrick Luckassen,Gana
13,Elisha Owusu,Gana
14,Thomas Partey,Gana
15,Kwasi Sibo,Gana
16,Augustine Boakye,Gana
17,Caleb Yirenkyi,Gana
18,Abdul Fatawu Issahaku,Gana
19,Christopher Bonsu Baah,Gana
20,Ernest Nuamah,Gana
21,Antoine Semenyo,Gana
22,Brandon Thomas-Asante,Gana
23,Kamal Deen Sulemana,Gana
24,Prince Kwabena Adu,Gana
25,Iñaki Williams,Gana
26,Jordan Ayew,Gana
1,Johnny Placide,Haiti
2,Alexandre Pierre,Haiti
3,Josué Duverger,Haiti
4,Carlens Arcus,Haiti
5,Garven-Michée Metusala,Haiti
6,Wilguens Pauguain,Haiti
7,Duke Lacroix,Haiti
8,Martin Experience,Haiti
9,JK Duverne,Haiti
10,Ricardo Ade,Haiti
11,Hannes Delcroix,Haiti
12,Keeto Thermoncy,Haiti
13,Carl-Fred Sainthe,Haiti
14,Jean-Jacques Danley,Haiti
15,Jeanricner Bellegarde,Haiti
16,Pierre Woodenski,Haiti
17,Dominique Simon,Haiti
18,Louicius Deedson,Haiti
19,Ruben Providence,Haiti
20,Josué Casimir,Haiti
21,Derrick Etienne,Haiti
22,Wilson Isidor,Haiti
23,Duckens Nazon,Haiti
24,Frantzdy Pierrot,Haiti
25,Yassin Fortune,Haiti
26,Lenny Joseph,Haiti
1,Mark Flekken,Holanda
2,Robin Roefs,Holanda
3,Bart Verbruggen,Holanda
4,Nathan Aké,Holanda
5,Virgil van Dijk,Holanda
6,Denzel Dumfries,Holanda
7,Jorrel Hato,Holanda
8,Jan Paul van Hecke,Holanda
9,Lutsharel Geertruida,Holanda
10,Micky van de Ven,Holanda
11,Ryan Gravenberch,Holanda
12,Frenkie de Jong,Holanda
13,Teun Koopmeiners,Holanda
14,Tijjani Reijnders,Holanda
15,Marten de Roon,Holanda
16,Guus Til,Holanda
17,Quinten Timber,Holanda
18,Mats Wieffer,Holanda
19,Memphis Depay,Holanda
20,Brian Brobbey,Holanda
21,Cody Gakpo,Holanda
22,Justin Kluivert,Holanda
23,Noa Lang,Holanda
24,Donyell Malen,Holanda
25,Crysencio Summerville,Holanda
26,Wout Weghorst,Holanda
1,Jordan Pickford,Inglaterra
2,Dean Henderson,Inglaterra
3,James Trafford,Inglaterra
4,Reece James,Inglaterra
5,Ezri Konsa,Inglaterra
6,Jarell Quansah,Inglaterra
7,John Stones,Inglaterra
8,Marc Guehi,Inglaterra
9,Dan Burn,Inglaterra
10,Nico O'Reilly,Inglaterra
11,Djed Spence,Inglaterra
12,Chalobah,Inglaterra
13,Declan Rice,Inglaterra
14,Elliot Anderson,Inglaterra
15,Kobbie Mainoo,Inglaterra
16,Jordan Henderson,Inglaterra
17,Morgan Rogers,Inglaterra
18,Jude Bellingham,Inglaterra
19,Eberechi Eze,Inglaterra
20,Harry Kane,Inglaterra
21,Ivan Toney,Inglaterra
22,Ollie Watkins,Inglaterra
23,Bukayo Saka,Inglaterra
24,Marcus Rashford,Inglaterra
25,Anthony Gordon,Inglaterra
26,Noni Madueke,Inglaterra
1,Alireza Beiranvand,Irã
2,Seyed Hossein Hosseini,Irã
3,Payam Niazmand,Irã
4,Danial Eiri,Irã
5,Ehsan Hajsafi,Irã
6,Saleh Hardani,Irã
7,Hossein Kanaani,Irã
8,Shoja Khalilzadeh,Irã
9,Milad Mohammadi,Irã
10,Ali Nemati,Irã
11,Ramin Rezaeian,Irã
12,Rouzbeh Cheshmi,Irã
13,Saeid Ezatolahi,Irã
14,Mehdi Ghaedi,Irã
15,Saman Ghoddos,Irã
16,Mohammad Ghorbani,Irã
17,Alireza Jahanbakhsh,Irã
18,Mohammad Mohebi,Irã
19,Amir Mohammad Razzaghinia,Irã
20,Mehdi Torabi,Irã
21,Aria Yousefi,Irã
22,Ali Alipour,Irã
23,Dennis Dargahi,Irã
24,Amirhossein Hosseinzadeh,Irã
25,Mehdi Taremi,Irã
26,Shahriar Moghanlou,Irã
1,Jalal Hassan,Iraque
2,Ahmed Basil,Iraque
3,Fahad Talib,Iraque
4,Mirkhas Doski,Iraque
5,Ahmed Maknzi,Iraque
6,Manaf Younis,Iraque
7,Akam Hashim,Iraque
8,Zaid Tahsin,Iraque
9,Rebin Sulaka,Iraque
10,Frans Putros,Iraque
11,Hussein Ali,Iraque
12,Mustafa Saadoun,Iraque
13,Aimar Sher,Iraque
14,Zaid Ismail,Iraque
15,Amir Al-Ammari,Iraque
16,Kevin Yaqoub,Iraque
17,Zidane Iqbal,Iraque
18,Ahmed Qasim,Iraque
19,Ibrahim Bayesh,Iraque
20,Ali Jassim,Iraque
21,Yousef Amin,Iraque
22,Marco Faraj,Iraque
23,Ali Al-Hamadi,Iraque
24,Aymen Hussein,Iraque
25,Mohanad Ali,Iraque
26,Ali Youssef,Iraque
1,Zion Suzuki,Japão
2,Keisuke Osako,Japão
3,Tomoki Hayakawa,Japão
4,Hiroki Ito,Japão
5,Junnosuke Suzuki,Japão
6,Ayumu Seko,Japão
7,Shogo Taniguchi,Japão
8,Tsuyoshi Watanabe,Japão
9,Ko Itakura,Japão
10,Takehiro Tomiyasu,Japão
11,Yukinari Sugawara,Japão
12,Yuto Nagatomo,Japão
13,Daichi Kamada,Japão
14,Ao Tanaka,Japão
15,Kaishu Sano,Japão
16,Shuto Machino,Japão
17,Keito Nakamura,Japão
18,Daizen Maeda,Japão
19,Ritsu Doan,Japão
20,Yuito Suzuki,Japão
21,Junya Ito,Japão
22,Ayase Ueda,Japão
23,Koki Ogawa,Japão
24,Kento Shiogai,Japão
25,Keisuke Goto,Japão
26,Takefusa Kubo,Japão
1,Yazeed Abu Laila,Jordânia
2,Abdullah Al-Fakhouri,Jordânia
3,Nour Bani Attiah,Jordânia
4,Abdallah Nasib,Jordânia
5,Saed Al-Rosan,Jordânia
6,Yazan Al-Arab,Jordânia
7,Saleem Obaid,Jordânia
8,Mohammad Abualnadi,Jordânia
9,Husam Abu Dahab,Jordânia
10,Ihsan Haddad,Jordânia
11,Anas Badawi,Jordânia
12,Mohannad Abu Taha,Jordânia
13,Mohammad Abu Hashish,Jordânia
14,Mohammad Abu Ghoush,Jordânia
15,Nour Al-Rawabdeh,Jordânia
16,Nizar Al-Rashdan,Jordânia
17,Ibrahim Sadeh,Jordânia
18,Rajaei Ayed,Jordânia
19,Odeh Fakhouri,Jordânia
20,Amer Jamous,Jordânia
21,Mohammad Al-Dawoud,Jordânia
22,Mahmoud Al-Mardi,Jordânia
23,Musa Al-Taamari,Jordânia
24,Mohammad Abu Zrayq,Jordânia
25,Ali Al-Azaizeh,Jordânia
26,Ali Olwan,Jordânia
1,Bounou,Marrocos
2,El Kajoui,Marrocos
3,Tagnaouti,Marrocos
4,Mazraoui,Marrocos
5,Salah-Eddine,Marrocos
6,Belammari,Marrocos
7,Hakimi,Marrocos
8,El Ouahdi,Marrocos
9,Marwane Saadane,Marrocos
10,Riad,Marrocos
11,Halhal,Marrocos
12,Diop,Marrocos
13,El Mourabet,Marrocos
14,Bouaddi,Marrocos
15,El Aynaoui,Marrocos
16,Amrabat,Marrocos
17,Ounahi,Marrocos
18,El Khannouss,Marrocos
19,Saibari,Marrocos
20,Sbai,Marrocos
21,Talbi,Marrocos
22,Rahimi,Marrocos
23,El Kaabi,Marrocos
24,Brahim Díaz,Marrocos
25,Gessime,Marrocos
26,Echghouyabe,Marrocos
1,Raúl Rangel,México
2,Carlos Acevedo,México
3,Guillermo Ochoa,México
4,Jorge Sánchez,México
5,César Montes,México
6,Edson Álvarez,México
7,Joah Vásquez,México
8,Erik Lira,México
9,Luis Romo,México
10,Israel Reyes,México
11,Mateo Chávez,México
12,Jesús Gallardo,México
13,Álvaro Fidalgo,México
14,Orbelín Pineda,México
15,Obed Vargas,México
16,Gilberto Mora,México
17,César Huerta,México
18,Luis Chávez,México
19,Roberto Alvarado,México
20,Brian Gutiérrez,México
21,Raúl Jiménez,México
22,Alexis Veja,México
23,Santiago Giménez,México
24,Armando González,México
25,Julián Quiñones,México
26,Guillermo Martínez,México
1,Egil Selvik,Noruega
2,Orjan Nyland,Noruega
3,Sander Tangvik,Noruega
4,Kristoffer Ajer,Noruega
5,Fredrik Bjorkan,Noruega
6,Henrik Falchener,Noruega
7,Sondre Langas,Noruega
8,Torbjorn Heggem,Noruega
9,Holmgren Pedersen,Noruega
10,Julian Ryerson,Noruega
11,Leo Ostigard,Noruega
12,David Moller,Noruega
13,Martin Odegaard,Noruega
14,Patrick Berg,Noruega
15,Kristian Thorstvedt,Noruega
16,Thelo Aasgaard,Noruega
17,Fredrik Aursnes,Noruega
18,Sander Berge,Noruega
19,Morten Thorsby,Noruega
20,Strand Larsen,Noruega
21,Oscar Bobb,Noruega
22,Erling Haaland,Noruega
23,Andreas Schjelderup,Noruega
24,Jens Petter Hauge,Noruega
25,Antonio Nusa,Noruega
26,Alexander Sorloth,Noruega
1,Max Crocombe,Nova Zelândia
2,Alex Paulsen,Nova Zelândia
3,Michael Woud,Nova Zelândia
4,Tyler Bindon,Nova Zelândia
5,Michael Boxall,Nova Zelândia
6,Liberato Cacace,Nova Zelândia
7,Francis de Vries,Nova Zelândia
8,Callan Elliot,Nova Zelândia
9,Tim Payne,Nova Zelândia
10,Nando Pijnaker,Nova Zelândia
11,Tommy Smith,Nova Zelândia
12,Finn Surman,Nova Zelândia
13,Lachlan Bayliss,Nova Zelândia
14,Joe Bell,Nova Zelândia
15,Logan Rogerson,Nova Zelândia
16,Ben Old,Nova Zelândia
17,Alex Rufer,Nova Zelândia
18,Sarpreet Singh,Nova Zelândia
19,Marko Stamenic,Nova Zelândia
20,Ryan Thomas,Nova Zelândia
21,Kosta Barbarouses,Nova Zelândia
22,Eli Just,Nova Zelândia
23,Callum McCowatt,Nova Zelândia
24,Jesse Randall,Nova Zelândia
25,Ben Waine,Nova Zelândia
26,Chris Wood,Nova Zelândia
1,Orlando Mosquera,Panamá
2,Luis Mejía,Panamá
3,César Samudio,Panamá
4,César Blackman,Panamá
5,Jorge Gutiérrez,Panamá
6,Amir Murillo,Panamá
7,Fidel Escobar,Panamá
8,Andrés Andrade,Panamá
9,Edgardo Fariña,Panamá
10,José Córdoba,Panamá
11,Eric David,Panamá
12,Jiovany Ramos,Panamá
13,Roderick Miller,Panamá
14,Aníbal Godoy,Panamá
15,Adalberto Carrasquilla,Panamá
16,Carlos Harvey,Panamá
17,Cristian Martínez,Panamá
18,José Luis Rodríguez,Panamá
19,César Yanis,Panamá
20,Yoel Bárcenas,Panamá
21,Alberto Quintero,Panamá
22,Azarías Londoño,Panamá
23,Ismael Díaz,Panamá
24,Cecilio Waterman,Panamá
25,José Fajardo,Panamá
26,Tomás Rodríguez,Panamá
1,Orlando Gill,Paraguai
2,Gatito Fernández,Paraguai
3,Gastón Olveira,Paraguai
4,Juan Cáceres,Paraguai
5,José Canale,Paraguai
6,Fabián Balbuena,Paraguai
7,Omar Alderete,Paraguai
8,Gustavo Gómez,Paraguai
9,Alexandro Maidana,Paraguai
10,Junior Alonso,Paraguai
11,Gustavo Velázquez,Paraguai
12,Braian Ojeda,Paraguai
13,Damián Bobadilla,Paraguai
14,Andrés Cubas,Paraguai
15,Diego Gómez,Paraguai
16,Alejandro Romero Gamarra,Paraguai
17,Mauricio,Paraguai
18,Matías Galarza,Paraguai
19,Gustavo Caballero,Paraguai
20,Ramón Sosa,Paraguai
21,Miguel Almirón,Paraguai
22,Gabriel Ávalos,Paraguai
23,Isidro Pitta,Paraguai
24,Álex Arce,Paraguai
25,Julio Enciso,Paraguai
26,Antonio Sanabria,Paraguai
1,Diogo Costa,Portugal
2,José Sá,Portugal
3,Rui Silva,Portugal
4,Diogo Dalot,Portugal
5,Matheus Nunes,Portugal
6,Nélson Semedo,Portugal
7,João Cancelo,Portugal
8,Nuno Mendes,Portugal
9,Gonçalo Inácio,Portugal
10,Renato Veiga,Portugal
11,Rúben Dias,Portugal
12,Tomás Araújo,Portugal
13,Rúben Neves,Portugal
14,Samuel Costa,Portugal
15,João Neves,Portugal
16,Vitinha,Portugal
17,Bruno Fernandes,Portugal
18,Bernardo Silva,Portugal
19,João Félix,Portugal
20,Trincão,Portugal
21,Francisco Conceição,Portugal
22,Pedro Neto,Portugal
23,Rafael Leão,Portugal
24,Gonçalo Guedes,Portugal
25,Gonçalo Ramos,Portugal
26,Cristiano Ronaldo,Portugal
1,Timothy Fayulu,RD Congo
2,Lionel Mpasi,RD Congo
3,Matthieu Epolo,RD Congo
4,Aaron Wan-Bissaka,RD Congo
5,Gédéon Kalulu,RD Congo
6,Joris Kayembe,RD Congo
7,Arthur Masuaku,RD Congo
8,Steve Kapuadi,RD Congo
9,Axel Tuanzebe,RD Congo
10,Chancel Mbemba,RD Congo
11,Dylan Batubinsika,RD Congo
12,Noah Sadiki,RD Congo
13,Samuel Moutoussamy,RD Congo
14,Aaron Tshibola,RD Congo
15,Edo Kayembe,RD Congo
16,Ngal'ayel Mukau,RD Congo
17,Charles Pickel,RD Congo
18,Nathanael Mbuku,RD Congo
19,Brian Cipenga,RD Congo
20,Theo Bongonda,RD Congo
21,Gael Kakuta,RD Congo
22,Meschack Elia,RD Congo
23,Fiston Mayele,RD Congo
24,Cédric Bakambu,RD Congo
25,Simon Banza,RD Congo
26,Yoane Wissa,RD Congo
1,Lukáš Horníček,República Tcheca
2,Matěj Kovář,República Tcheca
3,Jindřich Staněk,República Tcheca
4,Vladimír Coufal,República Tcheca
5,David Douděra,República Tcheca
6,Tomáš Holeš,República Tcheca
7,Robin Hranáč,República Tcheca
8,Štěpán Chaloupek,República Tcheca
9,David Jurásek,República Tcheca
10,Ladislav Krejčí,República Tcheca
11,Jaroslav Zelený,República Tcheca
12,David Zima,República Tcheca
13,Lukáš Červ,República Tcheca
14,Vladimír Darida,República Tcheca
15,Lukáš Provod,República Tcheca
16,Michal Sadílek,República Tcheca
17,Hugo Sochůrek,República Tcheca
18,Alexandr Sojka,República Tcheca
19,Tomáš Souček,República Tcheca
20,Pavel Šulc,República Tcheca
21,Denis Višinský,República Tcheca
22,Adam Hložek,República Tcheca
23,Tomáš Chorý,República Tcheca
24,Mojmír Chytil,República Tcheca
25,Patrik Schick,República Tcheca
26,Jan Kuchta,República Tcheca
1,Édouard Mendy,Senegal
2,Mory Diaw,Senegal
3,Yehvann Diouf,Senegal
4,Krépin Diatta,Senegal
5,Antoine Mendy,Senegal
6,Kalidou Koulibaly,Senegal
7,El Hadji Malich Diouf,Senegal
8,Mamadou Sarr,Senegal
9,Moussa Niakhaté,Senegal
10,Abdoulaye Seck,Senegal
11,Ismail Jakobs,Senegal
12,Idrissa Gana Gueye,Senegal
13,Pape Gueye,Senegal
14,Lamine Camara,Senegal
15,Habib Diarra,Senegal
16,Pathé Ciss,Senegal
17,Pape Matar Sarr,Senegal
18,Bara Sapoko Ndiaye,Senegal
19,Sadio Mané,Senegal
20,Ismaila Sarr,Senegal
21,Iliman Ndiaye,Senegal
22,Assane Diao,Senegal
23,Ibrahim Mbaye,Senegal
24,Nicolas Jackson,Senegal
25,Bamba Dieng,Senegal
26,Chérif Ndiaye,Senegal
1,Viktor Johansson,Suécia
2,Kristoffer Nordfeldt,Suécia
3,Jacob Widell Zetterström,Suécia
4,Hjalmar Ekdal,Suécia
5,Gabriel Gudmundsson,Suécia
6,Isak Hien,Suécia
7,Herman Johansson,Suécia
8,Gustaf Lagerbielke,Suécia
9,Victor Nilsson Lindelöf,Suécia
10,Eric Smith,Suécia
11,Carl Starfelt,Suécia
12,Elliot Stroud,Suécia
13,Daniel Svensson,Suécia
14,Taha Ali,Suécia
15,Yasin Ayari,Suécia
16,Lucas Bergvall,Suécia
17,Alexander Bernhardsson,Suécia
18,Anthony Elanga,Suécia
19,Viktor Gyökeres,Suécia
20,Alexander Isak,Suécia
21,Jesper Karlström,Suécia
22,Gustaf Nilsson,Suécia
23,Benjamin Nygren,Suécia
24,Ken Sema,Suécia
25,Mattias Svanberg,Suécia
26,Besfort Zeneli,Suécia
1,Marvin Keller,Suíça
2,Gregor Kobel,Suíça
3,Yvon Mvogo,Suíça
4,Manuel Akanji,Suíça
5,Aurèle Amenda,Suíça
6,Eray Comert,Suíça
7,Nico Elvedi,Suíça
8,Luca Jaquez,Suíça
9,Miro Muheim,Suíça
10,Ricardo Rodriguez,Suíça
11,Silvan Widmer,Suíça
12,Michel Aebischer,Suíça
13,Zeki Amdouni,Suíça
14,Breel Embolo,Suíça
15,Christian Fassnacht,Suíça
16,Remo Freuler,Suíça
17,Cedric Itten,Suíça
18,Ardon Jashari,Suíça
19,Johan Manzambi,Suíça
20,Dan Ndoye,Suíça
21,Noah Okafor,Suíça
22,Fabian Rieder,Suíça
23,Djibril Sow,Suíça
24,Ruben Vargas,Suíça
25,Grant Xhaka,Suíça
26,Denis Zakaria,Suíça
1,Dahmen,Tunísia
2,Chamakh,Tunísia
3,Ben Hassen,Tunísia
4,Valery,Tunísia
5,Neffati,Tunísia
6,Bronn,Tunísia
7,Talbi,Tunísia
8,Rekik,Tunísia
9,Arous,Tunísia
10,Chikhaoui,Tunísia
11,Abdi,Tunísia
12,Ben Hmida,Tunísia
13,Skhiri,Tunísia
14,Mahmoud,Tunísia
15,Khedira,Tunísia
16,Ben Silmane,Tunísia
17,Ben Ouanes,Tunísia
18,Gharbi,Tunísia
19,Hannibal,Tunísia
20,Ayari,Tunísia
21,Achouri,Tunísia
22,Saad,Tunísia
23,Chaouat,Tunísia
24,Mastoui,Tunísia
25,Elloumi,Tunísia
26,Tonekti,Tunísia
1,Altay Bayindir,Turquia
2,Mert Günok,Turquia
3,Ugurcan Cakir,Turquia
4,Abdulkerim Bardakci,Turquia
5,Caglar Soyuncu,Turquia
6,Eren Elmalı,Turquia
7,Ferdi Kadıoğlu,Turquia
8,Merih Demiral,Turquia
9,Mert Müldür,Turquia
10,Ozan Kabak,Turquia
11,Samet Akaydin,Turquia
12,Zeki Celik,Turquia
13,Hakan Calhanoglu,Turquia
14,Ismail Yuksek,Turquia
15,Kaan Ayhan,Turquia
16,Orkun Kökçü,Turquia
17,Salih Ozcan,Turquia
18,Arda Güler,Turquia
19,Barış Alper Yılmaz,Turquia
20,Can Uzun,Turquia
21,Deniz Gül,Turquia
22,Irfan Can Kahveci,Turquia
23,Kenan Yıldız,Turquia
24,Kerem Akturkoglu,Turquia
25,Oguz Aydin,Turquia
26,Yunus Akgun,Turquia
1,Sergio Rochet,Uruguai
2,Fernando Muslera,Uruguai
3,Santiago Mele,Uruguai
4,Guillermo Varela,Uruguai
5,Ronald Araujo,Uruguai
6,José María Giménez,Uruguai
7,Santiago Bueno,Uruguai
8,Sebastián Cáceres,Uruguai
9,Mathías Olivera,Uruguai
10,Joaquín Piquerez,Uruguai
11,Matías Viña,Uruguai
12,Manuel Ugarte,Uruguai
13,Emiliano Martínez,Uruguai
14,Rodrigo Bentancur,Uruguai
15,Federico Valverde,Uruguai
16,Agustín Canobbio,Uruguai
17,Juan Manuel Sanabria,Uruguai
18,Giorgian De Arrascaeta,Uruguai
19,Nicolás de la Cruz,Uruguai
20,Rodrigo Zalazar,Uruguai
21,Facundo Pellistri,Uruguai
22,Maximiliano Araújo,Uruguai
23,Brian Rodríguez,Uruguai
24,Rodrigo Aguirre,Uruguai
25,Federico Viñas,Uruguai
26,Darwin Núñez,Uruguai
1,Otkir Yusupov,Uzbequistão
2,Abduvohid Nematov,Uzbequistão
3,Botirali Ergashev,Uzbequistão
4,Abdukodir Husanov,Uzbequistão
5,Hojiakbar Alijonov,Uzbequistão
6,Farruh Sayfiyev,Uzbequistão
7,Rustam Ashurmatov,Uzbequistão
8,Umar Eshmurodov,Uzbequistão
9,Sherzod Nasrullayev,Uzbequistão
10,Abdulla Abdullayev,Uzbequistão
11,Avazbek Olmasaliyev,Uzbequistão
12,Jahongir Orozov,Uzbequistão
13,Behruz Karimov,Uzbequistão
14,Akmal Mozgovoy,Uzbequistão
15,Otabek Shukurov,Uzbequistão
16,Jamshid Iskanderov,Uzbequistão
17,Odil Hamrobekov,Uzbequistão
18,Ruslanbek Jiyanov,Uzbequistão
19,Oston O'runov,Uzbequistão
20,Dostonbek Hamdamov,Uzbequistão
21,Aziz G'aniyev,Uzbequistão
22,Abbosbek Fayzullayev,Uzbequistão
23,Sherzod Esanov,Uzbequistão
24,Eldor Shomurodov,Uzbequistão
25,Igor Sergeyev,Uzbequistão
26,Azizbek Omonov,Uzbequistão
